{"features": {"Type:filter_fade": 8.800000000000002, "Len:4Bar": 8.400000000000004, "Struct:Outro->Verse": 3.8, "Struct:Outro->Intro": 8.200000000000005, "Type:mashup": 3.0, "Type:crossfade": 2.2, "Len:8Bar": 7.800000000000004, "Struct:Verse->Bridge": 0.8, "Struct:Outro->Chorus": 1.7999999999999998, "Type:bass_swap": 2.1999999999999997, "Struct:Verse->Verse": 1.0, "Type:cut": 2.9999999999999996, "Struct:Chorus->Bridge": 0.8, "Struct:Outro->Bridge": 1.2, "Struct:Bridge->Intro": 3.2, "Struct:Chorus->Intro": 1.8, "Struct:Chorus->Verse": 1.0, "Struct:Chorus->Chorus": 1.4, "Struct:Verse->Chorus": 1.2}, "types": {"crossfade": 2.2, "bass_swap": 2.1999999999999997, "cut": 2.9999999999999996, "filter_fade": 8.800000000000002, "mashup": 3.0}, "bars": {"4": 8.000000000000004, "8": 8.700000000000005}, "structure": {}}